train_loss,valid_loss
0.501286868005991,0.84409636
0.3712606013286859,0.733824
0.35085780592635274,0.71988314
0.3436603988520801,0.70036376
0.3338491809554398,0.6878044
0.32432574476115406,0.6842768
0.31545054097659886,0.70258105
0.3089628394227475,0.69033736
0.3044351126300171,0.70332986
0.301280923653394,0.6921532
0.2963840413140133,0.69804645
0.2934494102373719,0.7125924
0.2907572522526607,0.7218792
0.2884343860205263,0.7173405
0.2863696690183133,0.7229759
0.28489913477096707,0.7373256
