train_loss,valid_loss
0.7683193702851573,1.6614856
0.6124933054370265,1.2880042
0.5067588792693231,1.2666289
0.4710039217625895,1.201324
0.4573308383264849,1.2144394
0.4493423036990627,1.222922
0.4429055231232797,1.2368811
0.4382939761684787,1.2474616
0.4339295260367855,1.2518663
0.4296725748046752,1.2959785
0.42655411458784537,1.2622099
0.4233165450634495,1.2746092
0.4212311015975091,1.2856442
0.419324497061391,1.2597324
