train_loss,valid_loss
0.5257263306993991,0.8854534
0.3753618902992457,0.7116549
0.3510124257300049,0.7046877
0.3437746202107519,0.68152344
0.33703127154149115,0.694289
0.33015946787782013,0.69672704
0.3231731790583581,0.7081649
0.31778289237990975,0.708449
0.3124783111270517,0.7334311
0.3089343032334,0.7368492
0.3055317790713161,0.7572525
0.3020526794716716,0.7419472
0.298472325084731,0.7699209
0.2958856360055506,0.7545308
