train_loss,valid_loss
0.6088719000258753,1.2883632
0.48454220761214534,1.20982
0.4589861181955184,1.2362144
0.4387617962014291,1.2672049
0.4178707267968885,1.2832811
0.40414090021964044,1.2781781
0.39393675519574073,1.2870542
0.3863281614838108,1.2993222
0.37785450297017253,1.285288
0.37176840487987767,1.3058927
0.3665254933218802,1.3022602
0.36178121619647546,1.3375367
