train_loss,valid_loss
0.5096297184936702,0.87015784
