train_loss,valid_loss
0.54678471875377,0.92344624
0.3794310730881989,0.71612126
0.3531153262592852,0.6955747
0.34431229578331113,0.6966379
0.3401815474499017,0.6791214
0.3329911658074707,0.684354
0.3271990471985191,0.68370825
0.3226746190339327,0.6903041
0.3166176408994943,0.71043545
0.31155201722867787,0.7016532
0.3078060911502689,0.7069449
0.30469883675687015,0.7081985
0.30242571816779673,0.73818684
0.2999727949500084,0.7435298
0.29763904423452914,0.72281265
