train_loss,valid_loss
0.6726360748852452,1.3724412
0.49896959047163686,1.2021492
0.471628007388884,1.1949236
0.46301228264647143,1.1962558
0.4555236014627641,1.2239313
0.44530088118007105,1.2614495
0.43620940273807896,1.2707753
0.42822886330466114,1.2865682
0.4222446365221854,1.26727
0.41894942065400465,1.2819356
0.4152288451310127,1.2724059
0.4133736647425159,1.2839769
0.41054946881148124,1.2817397
