train_loss,valid_loss
0.5025702682323754,0.85287094
0.3716135071590543,0.71695113
0.3498068228363991,0.6948278
0.34059887821786106,0.6756485
0.33195968833751976,0.6840417
0.3233046119567007,0.7043226
0.31538117793388665,0.69475704
0.30807003751397133,0.6882216
0.30213811027351767,0.7023398
0.29691697121597826,0.6979153
0.2936062328517437,0.70325655
0.2905696756206453,0.71566206
0.28680255310609937,0.7095092
0.28391747002024204,0.69956523
