train_loss,valid_loss
0.6272607666830863,1.3068185
0.4834404193585919,1.1989301
0.46148935441047917,1.2206035
0.4467635279701602,1.2560622
0.42723842686222446,1.275379
0.4082665191062035,1.2756946
0.39857583204584734,1.2939506
0.38822646727485044,1.2873747
0.3807297168720153,1.2931623
0.375682468375852,1.2749432
0.36885571455763233,1.3055682
0.36412989660616846,1.271596
