train_loss,valid_loss
0.5062622098672774,1.1909969
0.5160467915477291,1.3065834
0.4118209822523978,1.368583
0.35017268143353925,1.4240887
0.30400660393699525,1.4156373
0.2733196465959472,1.3812765
0.2458091854087768,1.4481127
0.22375136854187136,1.401234
0.20402700802491558,1.443121
0.19069732557381353,1.4962744
0.17833056216759066,1.4593778
