train_loss,valid_loss
0.5511158305028129,1.0766734
0.4257333529373956,0.9561877
0.40508770422329976,0.9511868
0.39443002215453554,0.99559355
0.3842849253662049,0.98682374
0.37126637167400783,1.0403123
0.3630783006785408,1.0517111
0.35858431458473206,1.0262029
0.34978582461675006,1.0187235
0.3451124037068988,1.0053986
0.340456943190287,1.0004559
0.33773298585225664,1.0373179
0.3334900604354011,1.0228789
