train_loss,valid_loss
0.6428525553595635,1.3355017
0.4862958291365254,1.1867193
0.4637576163776459,1.208942
0.45111023586603904,1.2610046
0.43520486763408106,1.2884362
0.42422420002760425,1.3391554
0.4149591956407793,1.3271155
0.4085315828842501,1.3600894
0.40167900943948376,1.3352706
0.3975620329860718,1.3476679
0.39184535246702934,1.3432903
0.3874323070049286,1.3501838
