train_loss,valid_loss
0.6236069716753498,1.3042098
0.48347433007532553,1.207595
0.46191913490333864,1.233901
0.44727156094966397,1.2808776
0.433391373965048,1.3119798
0.41924271612398084,1.344996
0.4075284996821034,1.3236495
0.4006747170802086,1.3357321
0.39192753645681566,1.3239574
0.3867122283385646,1.3386976
0.3819202614888068,1.337466
0.37631401347537197,1.336267
