train_loss,valid_loss
0.7593869143916715,1.6403971
0.611595005758347,1.2836943
0.5062355447200036,1.266152
0.4711796381781178,1.2097338
0.45616450232844197,1.2081298
0.44808654535201287,1.2177935
0.4409801056308131,1.2284256
0.43557806649515707,1.2502531
0.4310784705223576,1.2489176
0.42678139575066104,1.2508571
0.424481354413494,1.2916169
0.4215521283688084,1.2701882
0.41918485203096945,1.272589
0.4170592513776595,1.2744609
0.4150814587070096,1.2939402
