train_loss,valid_loss
0.7126604970228874,1.5329922
0.5935058987746804,1.53578
0.56287018601167,1.5720528
0.5305540341947038,1.55409
0.5067938008045746,1.5760771
0.4860951183205944,1.5538841
0.47470981867636663,1.6126486
0.4601946963092028,1.5675551
0.45041284975358997,1.5636182
0.44100055452120507,1.5489933
0.4331698710635557,1.5474676
