train_loss,valid_loss
0.6244268609631446,1.3022257
0.4847991663602091,1.198224
0.46113074979474467,1.2319202
0.4494298559523398,1.2614942
0.4341587570886458,1.3300574
0.4215603920240556,1.340802
0.4077057376984627,1.3671535
0.39948557533564105,1.3448645
0.39479084144676885,1.3094324
0.3865548872178601,1.3525566
0.3811371470651319,1.3193228
0.37578220184772243,1.3542616
