train_loss,valid_loss
0.713438214892048,1.5357229
0.5946808159351349,1.5325452
0.5659056265475386,1.5616349
0.5369519548395932,1.4858328
0.5065863662857121,1.5348243
0.48675605831509927,1.5115696
0.4717803236286519,1.4898422
0.4610493839797327,1.5294354
0.45119788156727614,1.4958255
0.44215924229662296,1.5373093
0.4357248926061695,1.5646925
0.4310173715575267,1.5610569
0.424249063356448,1.5950613
0.41751118029578255,1.5782076
