train_loss,valid_loss
0.62168062310065,1.3003875
0.48441410256970313,1.2036966
0.4631692925768514,1.221202
0.44820237231831395,1.2808845
0.43022246226187677,1.3382931
0.4163288320264509,1.3508828
0.405234265952341,1.3239152
0.39497540722931584,1.3457979
0.38799538271081063,1.3298846
0.3824032737362769,1.3452036
0.3783007814518867,1.3344166
0.37279247973234425,1.3577833
