train_loss,valid_loss
0.7643471937025746,1.6564202
0.6123363837119071,1.286864
0.508377339570753,1.2945453
0.47139564348805335,1.2166103
0.455549890956571,1.2463802
0.4466026309997805,1.2701001
0.4404538658357436,1.2428515
0.4349775275876445,1.2277521
0.4301051382095583,1.2405964
0.42579623960679575,1.250041
0.42266654391442576,1.2868786
0.42032715774351553,1.2883785
0.41828644179528757,1.2787422
0.4169070682217998,1.2991862
