train_loss,valid_loss
0.4014725589659065,0.7252536
0.399506198707968,0.7168864
0.3251643646508455,0.75052965
0.29582196357659996,0.75349444
0.2709713152144104,0.80151963
0.2478709954302758,0.7782386
0.225253771757707,0.8315635
0.2054651309736073,0.80658597
0.18620061944238842,0.8400988
0.1701001727487892,0.855937
0.1574017519596964,0.850862
0.1460021612001583,0.86632425
