train_loss,valid_loss
0.6704284159406539,1.3682553
0.4980906341825762,1.195356
0.47373313841319853,1.1878053
0.4631617910438968,1.1928513
0.45550976044708685,1.225985
0.4467622101787598,1.2576803
0.4361676251696002,1.2546172
0.4281661746002013,1.290046
0.42354116300421374,1.3076094
0.4193019379050501,1.2753122
0.4162956913632731,1.3004066
0.41411828441965964,1.2944107
0.41026016661236364,1.29243
