mse,mae
3.568499842190686611e-01,3.988057783233442954e-01
