mse,mae
4.689063142128304662e-01,4.240648622848972593e-01
