mse,mae
3.643743968995724059e-01,4.215064899325519643e-01
