mse,mae
3.339469200512142910e-01,3.694776742612489451e-01
