train_loss,valid_loss
0.6083431412135402,1.2855198
0.48237973547750906,1.2024266
0.46032390527186856,1.2277837
0.4393520388872393,1.2872261
0.4207042515758545,1.2642564
0.4101740878916556,1.2613877
0.3979511270599981,1.2723379
0.389146632965534,1.2572949
0.3834810011809872,1.2927687
0.3784207670438674,1.3110027
0.37286670193556815,1.2937882
0.3680751251597558,1.3180125
