train_loss,valid_loss
0.7131156012163324,1.5335976
0.5945226236925287,1.5619884
0.5633200922254789,1.5832094
0.5300060306060113,1.6654881
0.49962666201389444,1.5451121
0.48151224144434523,1.6120414
0.46843470860335784,1.6075954
0.4578055835376352,1.616193
0.4505522632497852,1.6620594
0.4412899719456495,1.6439915
0.4362113996077392,1.6288534
