mse,mae
4.876636266708374023e-01,4.793495535850524902e-01
