mse,mae
6.078360080718994141e-01,5.569868087768554688e-01
