mse,mae
4.573118090629577637e-01,4.755199849605560303e-01
