mse,mae
3.946112394332885742e-01,4.179754257202148438e-01
