train_loss,valid_loss
0.5153254435863346,0.8695374
0.3738238683436066,0.72502834
0.3503135482314974,0.694886
0.34237339277751744,0.6850463
0.3355194160249084,0.6838111
0.32643439969979227,0.6732166
0.3183918569702655,0.7103344
0.312046731589362,0.71510863
0.30646425602026284,0.73578686
0.30259707546792924,0.7548147
0.29923765978310257,0.7247879
0.2961391193093732,0.7273666
0.29473764647264034,0.7207265
0.2905622967518866,0.7330198
0.2887177800294012,0.739682
0.2863297521835193,0.75354046
