train_loss,valid_loss
0.7162945624125205,1.5323477
0.5940929115828821,1.5154692
0.5653447710861594,1.6043025
0.5378990226377875,1.5430025
0.5084516486879123,1.5734024
0.48801923808404957,1.5163885
0.47230118765669354,1.533513
0.45868503314963843,1.5411046
0.44600954399270526,1.5696876
0.43997566881826367,1.5779312
0.43104671598491023,1.5597582
0.424915732973713,1.5901339
