train_loss,valid_loss
0.8703073982534737,1.9057235
0.7288383204361488,1.638576
0.6259393198736782,1.5005085
0.5855644509710115,1.5042076
0.5593738679228157,1.556782
0.5431752554301558,1.5574502
0.5286576408764412,1.5743544
0.5180341025878643,1.5602889
0.5114197484378157,1.5770992
0.5035925003988989,1.5849292
0.49704348527151965,1.5813813
0.4915481004221686,1.5811961
0.48702396606576853,1.6274505
