train_loss,valid_loss
0.7572362499852334,1.6331396
0.6140791658432253,1.2941773
0.5068763792514801,1.2712436
0.4719002689084699,1.2456238
0.45786807037168936,1.2318004
0.4504614712730531,1.226976
0.4449498143888289,1.2409341
0.44059121512597604,1.2399294
0.436042970226657,1.247363
0.4317497995591933,1.2498877
0.42727503661186467,1.2403265
0.42377754469071666,1.2331374
0.42146951248568876,1.2421544
0.4188845782510696,1.2314955
0.41727844457472524,1.2381128
0.4154892929138676,1.261981
