train_loss,valid_loss
0.7171329471372789,1.4877409
0.5679745001177634,1.0459661
0.4535907439647182,1.004895
0.41939116004974614,0.9321335
0.40502590998526544,0.9294572
0.39881719696906304,0.9221655
0.3941986926140324,0.9447133
0.39065745376771494,0.934056
0.38691933885697394,0.9284768
0.38388750630040325,0.9345728
0.38159444639759676,0.94057685
0.3783541427504632,0.9461153
0.37617076020086965,0.94262314
0.3736646011952431,0.96049327
0.3722733537996969,0.96308434
0.370484056011323,0.98177755
