train_loss,valid_loss
0.5128444633446634,0.8642291
0.37386967753991485,0.71986926
0.3516468235757202,0.69920313
0.34352266835048795,0.6814127
0.334386388072744,0.69799805
0.32537893997505307,0.6896479
0.3178654653020203,0.7087415
0.31232947716489434,0.69202155
0.30629829899407923,0.70210433
0.3017876576632261,0.7013489
0.2972191837616265,0.7247775
0.2940616417909041,0.7566269
0.29142104904167354,0.7249182
0.28861979267094284,0.72333634
