train_loss,valid_loss
0.5172025633510202,0.8684296
0.3734912823420018,0.71140766
0.3505466680508107,0.70520633
0.3429919120389968,0.6857846
0.3344464795663953,0.68002766
0.3249771664850414,0.686394
0.3154465218540281,0.6982632
0.31041121878661215,0.7007225
0.30545923055615276,0.69095975
0.3011054133530706,0.71174735
0.29785011732019484,0.71781534
0.2945173599291593,0.713534
0.29204393993131816,0.73225176
0.28962117538321763,0.72857016
0.28662775876000524,0.73541063
