train_loss,valid_loss
0.39732139045372605,0.7217807
0.3983661183156073,0.72742826
0.3213987546041608,0.7485668
0.2938750197645277,0.8164576
0.2665484102908522,0.8382981
0.24316628964152187,0.8120848
0.21833282872103155,0.8457607
0.19591201446019113,0.8690658
0.1772726100170985,0.8829003
0.16185207455419004,0.9246019
0.14971847960259765,0.88825387
