train_loss,valid_loss
0.642842959252096,1.326706
0.48760481395067706,1.200815
0.4649402117056231,1.1885281
0.4521879974392153,1.2658963
0.43693152406523306,1.2455833
0.42288987506781855,1.3092482
0.4119544988197665,1.2798038
0.4017170410483114,1.3122543
0.395845495645077,1.2755448
0.38922447783331715,1.2821407
0.38523997294325985,1.2687241
0.38052255876602664,1.2836211
0.37618239728673813,1.2728196
