train_loss,valid_loss
0.5524408043850035,1.0779734
0.42567810747358537,0.94704473
0.4051771757621614,0.98000383
0.39558300612464786,0.9996039
0.38410050410126884,0.99730235
0.37089525754489594,1.0041612
0.3599727868087708,1.0332582
0.3541695210668776,1.031394
0.3494389487637414,1.0121363
0.3447950569883225,1.0026777
0.3405771350103711,1.0043386
0.3362791379765859,0.9732921
