train_loss,valid_loss
0.5096297184936702,0.87015784
0.3735281056724489,0.71817404
0.3523000245913863,0.7007974
0.34339761454612017,0.6912287
0.3337344827596098,0.69523644
0.3249267542269081,0.6912798
0.31695961859077215,0.69663787
0.31190683506429195,0.7219201
0.3067294128704816,0.7365032
0.3035260906908661,0.69749004
0.30074375052936375,0.7392143
0.2963650115998462,0.7072415
0.2936793224653229,0.70787853
0.29144242964684963,0.7208343
