train_loss,valid_loss
0.49783006589859724,0.8414538
0.3758214367553592,0.71026635
0.3501001810654998,0.6994434
0.34079180425032973,0.69290644
0.33246373455040157,0.67522246
0.32153942715376616,0.7064579
0.3123137776274234,0.7209947
0.30581127770710737,0.7453054
0.3014160100137815,0.7028067
0.29729105916339904,0.71933544
0.2935350688640028,0.73929787
0.29004991287365556,0.7554133
0.2874216539785266,0.7532608
0.2846574691357091,0.74841267
0.28154940821696073,0.7551596
