train_loss,valid_loss
0.5058663718162044,1.18923
0.49748345776911707,1.2958508
0.40216215820081774,1.2871131
0.34582750018565883,1.245186
0.3034622294287528,1.2896357
0.2730340629575714,1.3453733
0.24450277525090403,1.3400141
0.2238165838343482,1.339102
0.2061587567290952,1.3985498
0.1934943756749553,1.371515
0.18066646495173055,1.3798324
