train_loss,valid_loss
0.6681853287643001,1.3664827
0.49922986496840754,1.2167623
0.4732354747191552,1.1955023
0.4632041567275601,1.2074016
0.45463228610254103,1.1982327
0.4484411970742287,1.2407148
0.4381934959561594,1.2330729
0.42898553922291727,1.2510248
0.4214266706858912,1.2800732
0.41699920282248526,1.2724608
0.4128280039275846,1.2904586
0.4100802644125877,1.293545
0.4064790625726023,1.3077917
