mse,mae
8.349080085754394531e-01,6.193367242813110352e-01
