train_loss,valid_loss
0.5061329987741285,1.2029365
0.5101228522196892,1.3275739
0.40876390136057333,1.2741555
0.35323338042343816,1.3470849
0.30863032802458734,1.3572295
0.27792594762098405,1.4044062
0.2513306818662151,1.3908491
0.22965472816459595,1.4313494
0.207543836846467,1.4285251
0.19317009540334826,1.4178017
0.1801287728932596,1.4771143
