train_loss,valid_loss
0.7653856008283554,1.6457361
0.6149852083575341,1.29188
0.5077916268379458,1.255948
0.47132679531651156,1.2150381
0.45720245280573446,1.2516701
0.44909759682993733,1.2324022
0.4434798677121439,1.2544118
0.43860538063510773,1.2477278
0.43473359557890123,1.2241942
0.4315439616480181,1.2472414
0.4278993712317559,1.2341088
0.4245790656535856,1.2426794
0.4218424299070912,1.2839178
0.41959756324368136,1.248774
