train_loss,valid_loss
0.5076759587973356,0.8606178
0.3718361526262015,0.71300787
0.3506679958663881,0.6907934
0.3429768143687397,0.67960495
0.33480115979909897,0.67569846
0.32579121040180326,0.6889937
0.3169944416731596,0.6835245
0.31048639374785125,0.6838444
0.3046557083725929,0.7199264
0.3002208978869021,0.71663004
0.2958924416452646,0.74092823
0.2926860663574189,0.7145998
0.2904323515249416,0.74604213
0.28664017491973937,0.71219856
0.2849178519099951,0.7425435
