mse,mae
0.431477,0.432266
