mse,mae
0.373746,0.396319
