mse,mae
0.409309,0.416686
