mse,mae
0.454770,0.470947
