train_loss,valid_loss
0.5320426346734166,0.8874497
0.3761130250059068,0.7368621
0.3518753508105874,0.69983053
0.3425532856490463,0.6801497
0.33657048433087766,0.6941246
0.33025000407360494,0.6874181
0.32387232640758157,0.700202
0.31821050285361707,0.7342898
0.3139907361473888,0.7269369
0.3099790532141924,0.7570635
0.3056295341812074,0.7279556
0.301784620154649,0.7422356
0.2987102360930294,0.73244965
0.2970098915975541,0.74181837
