train_loss,valid_loss
0.626510295175737,1.3040221
0.4856175561585734,1.2024854
0.4609620275516664,1.2243017
0.4507808550711601,1.3079733
0.4306045246701087,1.3569174
0.41666228660652715,1.359421
0.40379531152786746,1.3292964
0.39503532864393726,1.3264775
0.38817276997912314,1.3392051
0.38292770039650703,1.3605303
0.3765648317433173,1.3427309
0.37066807814182773,1.3749651
