train_loss,valid_loss
0.4999822163954377,0.84050447
0.3726647845469415,0.7095336
0.35193898994475603,0.6915018
0.34139026585035026,0.6820234
0.3328338065184653,0.6715466
0.324924667365849,0.6904881
0.31718745245598257,0.69018155
0.31135417451150715,0.68821675
0.3054050214122981,0.6934206
0.3006038668099791,0.6943461
0.2976060323417187,0.69762605
0.29375071183312684,0.68708515
0.290493946056813,0.70076305
0.28840975277125835,0.7058824
0.2855690852738917,0.7084798
