train_loss,valid_loss
0.6365982399832818,1.3209953
0.48676062543546,1.2011204
0.4654007347360734,1.2058547
0.45207849289140395,1.2468413
0.4388231200075919,1.3076947
0.42554509495535203,1.2995613
0.4143172519341592,1.3094512
0.40607010669285254,1.3231741
0.4003328262798248,1.3412639
0.3927990991261698,1.3625438
0.3887346163392067,1.3382696
0.38498888525270647,1.3605931
