train_loss,valid_loss
0.7172445078049937,1.4853661
0.564594510101503,1.0403675
0.45537062710331333,0.9807248
0.4199329960730768,0.9275789
0.4062366485595703,0.9204192
0.3994221504657499,0.92038697
0.39492692582068906,0.92462367
0.391118751418206,0.9234945
0.38706138633912607,0.9357966
0.3832271272136319,0.9280464
0.38161845841715414,0.92793435
0.3788540622880382,0.9295424
0.37719134938332344,0.92990065
0.37600974594393083,0.9340202
0.3744538570604017,0.94035786
0.37340974423193163,0.94883364
