train_loss,valid_loss
0.6174368896792012,1.2962972
0.48570081952118105,1.2158878
0.4608631064334223,1.2236139
0.44776033658173775,1.2917205
0.42975486935146395,1.3261652
0.4125031540470739,1.2570828
0.40107236393997747,1.2967596
0.3903623326651512,1.2855256
0.3816081992080135,1.2818153
0.3759705986707441,1.2776082
0.36949688748967263,1.2863
0.364520403886995,1.2868007
