train_loss,valid_loss
0.607067046867263,1.285287
0.4821287268592465,1.2057323
0.4593211869078298,1.2219208
0.43992312252521515,1.3077955
0.41889440604755956,1.2876148
0.4058285752131093,1.2946011
0.39731255293853823,1.2646096
0.3872200368392852,1.2528814
0.38140573929394445,1.2674897
0.37507621150824333,1.2770147
0.37150654437080505,1.238099
0.3659833145718421,1.2575092
