train_loss,valid_loss
0.6210091837471531,1.3078883
0.4840794224892893,1.2086375
0.4598929117764196,1.2382841
0.4436278304746074,1.2336124
0.4241217785785275,1.2598864
0.40968794375658035,1.2446467
0.4005667173093365,1.2577195
0.3923789676158659,1.2509654
0.3855872339298648,1.2505009
0.3795208748309843,1.2511853
0.3747145271589679,1.2315568
0.3698408526758994,1.2474371
