train_loss,valid_loss
0.6025735625336247,1.288211
0.4829202746191332,1.1915721
0.4618602267676784,1.2197039
0.4464190967621342,1.2970594
0.4249301459039411,1.3168902
0.40879072657515925,1.3294146
0.39907616737388796,1.2825406
0.39229976289695306,1.2829323
0.38422408844194106,1.2691573
0.3795433556360583,1.2834175
0.3735959820689694,1.2495598
0.3690371111996712,1.2973608
