mse,mae
0.724343,0.577107
