mse,mae
0.729920,0.579470
