mse,mae
0.877531,0.633993
