train_loss,valid_loss
0.8594723611042417,1.9033328
0.7274188337654903,1.6092471
0.624455803427203,1.5209618
0.5823759580480641,1.5682695
0.5576190886826351,1.5236381
0.5387303603106531,1.5210918
0.5238314044886622,1.5315348
0.5148937568582338,1.5589948
0.5085483851103947,1.5623667
0.5008721495496815,1.572262
0.4958481480335367,1.5765266
0.4904992498200515,1.5817149
0.4862495629951872,1.5808041
