train_loss,valid_loss
0.3993859433103353,0.7250994
0.3967979410663247,0.71400344
0.32588371844030917,0.74644756
0.30024366243742406,0.7596911
0.2730900930473581,0.785848
0.24870478839147836,0.7790445
0.22426400985568762,0.77633464
0.20336099376436323,0.8578591
0.18508346611633897,0.79587847
0.17008234176319093,0.81313473
0.1563755579991266,0.8255146
0.14482280402444303,0.86081517
