train_loss,valid_loss
0.6231006686725924,1.3091761
0.4837156180893221,1.1997882
0.45950210767407573,1.2211171
0.44137806180984746,1.3259534
0.4251676757008799,1.3028262
0.41108853562224296,1.3001995
0.399454043036507,1.3256993
0.3922316398351423,1.3329898
0.3858224687076384,1.3111044
0.37891361045260585,1.3227303
0.3733818408462309,1.2885869
0.3688447463416284,1.2938477
