mse,mae
4.046077820971182848e-01,4.099272556482972396e-01
