mse,mae
4.295134400230467553e-01,4.139305501177600322e-01
