mse,mae
4.149353420554864336e-01,4.700461394587899244e-01
