mse,mae
3.249519466232145826e-01,3.645974826751310904e-01
