train_loss,valid_loss
0.5574824320418494,1.084235
0.42700998910835813,0.95943797
0.40635787778430515,0.9617225
0.39905283067907604,0.9678979
0.3881499956524561,1.0307341
0.3751618996972129,1.0308172
0.36402727758127545,1.0488601
0.3573616605902475,1.0048822
0.35078720843035077,1.0431249
0.34607719334345016,0.9894727
0.3414100075051898,0.9866563
0.3365426690332473,0.9830476
